model_label,mean_ideo
Claude Sonnet 4.5,-0.18181818181818182
DeepSeek-R1,-0.696969696969697
GPT-4o,-0.5454545454545454
GPT-5,-0.380952380952381
Gemini 2.5 Flash,-0.5454545454545454
Llama 4 Maverick,-0.5873015873015873
